image_id,X,Y,W,H
000003.png,0.471313,0.7165,0.776611,0.267
000005.png,0.512085,0.56,0.665771,0.234
000008.png,0.493286,0.733,0.732666,0.22
000010.png,0.505615,0.09,0.682129,0.134
000013.png,0.474609,0.5435,0.760254,0.253
000014.png,0.516968,0.6965,0.665771,0.133
000018.png,0.467407,0.31,0.771729,0.24
000019.png,0.513672,0.2135,0.682129,0.193
000023.png,0.489258,0.1665,0.744141,0.233
000028.png,0.471436,0.1265,0.763672,0.233
000032.png,0.479492,0.915,0.77002,0.17
000037.png,0.462402,0.6165,0.73584,0.253
000046.png,0.498291,0.16,0.677246,0.166
000047.png,0.473755,0.3835,0.732666,0.213
000050.png,0.512085,0.5965,0.692139,0.213
000055.png,0.501587,0.0865,0.683838,0.153
000057.png,0.45752,0.317,0.726074,0.24
000059.png,0.501465,0.52,0.651367,0.22
000062.png,0.462524,0.12,0.761963,0.18
000064.png,0.499878,0.097,0.667725,0.134
000066.png,0.479614,0.9015,0.747314,0.197
000068.png,0.503052,0.497,0.654541,0.2
000076.png,0.494995,0.617,0.644775,0.2
000086.png,0.504761,0.49,0.648193,0.214
000090.png,0.477051,0.9415,0.745605,0.117
000091.png,0.492554,0.0755,0.7146,0.149
000095.png,0.469727,0.83,0.724609,0.214
000099.png,0.501587,0.9115,0.693604,0.177
000100.png,0.473877,0.82,0.745605,0.166
000101.png,0.482056,0.13,0.319092,0.254
000104.png,0.51123,0.563,0.651367,0.2
000105.png,0.464844,0.6265,0.763672,0.233
000105.png,0.618042,0.3065,0.236084,0.273
000108.png,0.499878,0.9115,0.683838,0.177
000110.png,0.467407,0.453,0.713135,0.22
000113.png,0.503906,0.4835,0.662598,0.187
000115.png,0.481079,0.2465,0.747314,0.247
000117.png,0.499146,0.905,0.678955,0.19
000120.png,0.460083,0.1665,0.737549,0.167
000122.png,0.502319,0.48,0.649658,0.194
000127.png,0.500732,0.1035,0.685547,0.147
000129.png,0.481201,0.9215,0.750488,0.157
000131.png,0.494995,0.56,0.670654,0.194
000134.png,0.466553,0.84,0.734375,0.18
000136.png,0.493286,0.1135,0.683838,0.193
000139.png,0.474731,0.707,0.747314,0.18
000140.png,0.498291,0.707,0.687012,0.22
000145.png,0.498169,0.257,0.683838,0.24
000154.png,0.473022,0.2535,0.675537,0.273
000159.png,0.473022,0.16,0.753662,0.246
000163.png,0.499146,0.52,0.678955,0.14
000164.png,0.475464,0.08,0.74585,0.114
000168.png,0.463989,0.9285,0.742432,0.143
000172.png,0.492554,0.5935,0.656006,0.193
000177.png,0.492554,0.08,0.672607,0.154
000178.png,0.471313,0.7,0.747314,0.206
000181.png,0.499023,0.4765,0.662598,0.173
000183.png,0.474731,0.5735,0.718018,0.207
000186.png,0.490112,0.0835,0.68042,0.147
000188.png,0.465698,0.3765,0.742432,0.267
000193.png,0.465698,0.25,0.706787,0.2
000195.png,0.499023,0.0765,0.672363,0.133
000199.png,0.505615,0.5,0.685547,0.234
000203.png,0.469849,0.07,0.776611,0.134
000204.png,0.499023,0.0865,0.70166,0.153
000207.png,0.47229,0.837,0.7229,0.16
000208.png,0.487671,0.603,0.675537,0.2
000213.png,0.493408,0.14,0.657715,0.18
000222.png,0.466431,0.357,0.718018,0.24
000231.png,0.491699,0.0965,0.69043,0.173
000232.png,0.480347,0.097,0.703369,0.16
000235.png,0.492554,0.66,0.64624,0.274
000240.png,0.482788,0.26,0.649658,0.194
000241.png,0.473877,0.803,0.745605,0.2
000244.png,0.499878,0.8365,0.644775,0.213
000246.png,0.464966,0.7065,0.747314,0.207
000249.png,0.501465,0.48,0.651367,0.194
000258.png,0.502319,0.49,0.656006,0.226
000261.png,0.483643,0.1865,0.66748,0.167
000263.png,0.496582,0.12,0.69043,0.206
000266.png,0.47229,0.1435,0.742432,0.227
000267.png,0.492554,0.763,0.616943,0.16
000272.png,0.49585,0.39,0.666016,0.226
000281.png,0.502319,0.46,0.665771,0.194
000285.png,0.464111,0.6265,0.749023,0.193
000290.png,0.45752,0.57,0.739258,0.254
000295.png,0.493286,0.2365,0.644775,0.187
000299.png,0.494995,0.7865,0.674072,0.207
000300.png,0.470581,0.223,0.709717,0.24
000304.png,0.493286,0.28,0.644775,0.186
000305.png,0.470581,0.11,0.74585,0.186
000308.png,0.496704,0.8765,0.674072,0.227
000311.png,0.411255,0.3,0.183838,0.46
000313.png,0.494995,0.437,0.664307,0.2
000314.png,0.479492,0.925,0.740723,0.15
000318.png,0.493408,0.08,0.680664,0.114
000319.png,0.474609,0.925,0.750488,0.15
000322.png,0.490112,0.573,0.654541,0.18
000327.png,0.492554,0.08,0.64624,0.126
000329.png,0.471436,0.56,0.724609,0.206
000331.png,0.504761,0.6535,0.667725,0.207
000334.png,0.482788,0.45,0.701904,0.174
000336.png,0.509644,0.28,0.654541,0.194
000345.png,0.507202,0.3735,0.636475,0.247
000354.png,0.499023,0.59,0.675781,0.226
000358.png,0.477905,0.77,0.731201,0.214
000359.png,0.498291,0.147,0.677246,0.18
000363.png,0.469849,0.8,0.747314,0.194
000368.png,0.494995,0.397,0.651123,0.2
000373.png,0.468994,0.433,0.726074,0.26
000377.png,0.503174,0.477,0.687012,0.2
000382.png,0.490112,0.077,0.660889,0.12
000383.png,0.47229,0.1735,0.7229,0.193
000384.png,0.213379,0.6135,0.179199,0.687
000386.png,0.500732,0.593,0.643066,0.14
000388.png,0.455078,0.07,0.721191,0.134
000391.png,0.49585,0.1665,0.652832,0.193
000404.png,0.499878,0.813,0.660889,0.18
000407.png,0.466553,0.597,0.70166,0.16
000409.png,0.490967,0.37,0.646484,0.226
000412.png,0.477173,0.457,0.742432,0.24
000413.png,0.490845,0.9185,0.649658,0.163
000417.png,0.468994,0.3865,0.755371,0.233
000418.png,0.414429,0.71,0.480225,0.294
000422.png,0.454224,0.34,0.683838,0.234
000423.png,0.489258,0.1935,0.662598,0.233
000427.png,0.472168,0.22,0.745605,0.194
000432.png,0.505615,0.3865,0.662598,0.167
000436.png,0.499023,0.945,0.666016,0.11
000441.png,0.483643,0.5035,0.651367,0.173
000446.png,0.476196,0.653,0.737549,0.22
000455.png,0.419312,0.1765,0.512939,0.173
000456.png,0.480347,0.4735,0.7229,0.233
000459.png,0.459961,0.75,0.587891,0.186
000461.png,0.473022,0.443,0.721436,0.24
000464.png,0.462402,0.3235,0.608887,0.227
000468.png,0.499023,0.8765,0.685547,0.187
000473.png,0.49585,0.457,0.682129,0.2
000478.png,0.508057,0.17,0.687012,0.186
000480.png,0.464111,0.7465,0.739258,0.207
000482.png,0.498291,0.687,0.661133,0.22
000485.png,0.462402,0.6535,0.719727,0.167
000487.png,0.486816,0.18,0.661133,0.206
000490.png,0.471436,0.5365,0.744141,0.213
000491.png,0.503174,0.8565,0.651367,0.227
000495.png,0.465698,0.247,0.726318,0.18
000496.png,0.498169,0.407,0.664307,0.22
000500.png,0.472168,0.12,0.765137,0.166
000505.png,0.47229,0.1065,0.742432,0.167
000510.png,0.475464,0.12,0.771729,0.194
000514.png,0.476196,0.8765,0.747314,0.133
000519.png,0.494141,0.12,0.682129,0.22
000523.png,0.493408,0.663,0.687012,0.2
000524.png,0.476318,0.427,0.734375,0.26
000529.png,0.470581,0.3265,0.755615,0.233
000532.png,0.491699,0.8565,0.677246,0.227
000533.png,0.46814,0.17,0.743896,0.146
000537.png,0.48938,0.3935,0.678955,0.207
000539.png,0.474731,0.1035,0.747314,0.187
000541.png,0.468994,0.935,0.745605,0.13
000551.png,0.500732,0.1,0.70166,0.194
000555.png,0.50647,0.6835,0.393799,0.227
000560.png,0.487671,0.237,0.630127,0.2
000563.png,0.473022,0.3865,0.760498,0.167
000564.png,0.485229,0.7365,0.660889,0.253
000568.png,0.473877,0.11,0.73584,0.16
000569.png,0.488403,0.39,0.654541,0.2
000578.png,0.499878,0.41,0.651123,0.2
000583.png,0.499023,0.0765,0.685547,0.133
000587.png,0.466553,0.7535,0.724609,0.247
000592.png,0.493286,0.313,0.683838,0.22
000596.png,0.503906,0.9385,0.675781,0.123
000597.png,0.472168,0.49,0.700195,0.146
000602.png,0.461548,0.3865,0.727783,0.287
000606.png,0.499878,0.167,0.67749,0.18
000607.png,0.475464,0.31,0.742432,0.226
000612.png,0.466431,0.14,0.747314,0.206
000615.png,0.497437,0.37,0.649658,0.186
000621.png,0.469727,0.7765,0.721191,0.213
000633.png,0.500732,0.4965,0.662598,0.213
000636.png,0.470581,0.4235,0.709717,0.213
000638.png,0.494995,0.1035,0.687256,0.173
000641.png,0.469849,0.2035,0.737549,0.227
000642.png,0.499878,0.63,0.651123,0.24
000660.png,0.481934,0.9385,0.631836,0.123
000665.png,0.488525,0.6665,0.716309,0.233
000670.png,0.494995,0.1435,0.644775,0.187
000675.png,0.47876,0.4465,0.719727,0.273
000685.png,0.470581,0.15,0.726318,0.134
000692.png,0.492554,0.925,0.672607,0.15
000694.png,0.477905,0.8,0.727783,0.26
000697.png,0.494995,0.5235,0.664307,0.187
000699.png,0.470581,0.6635,0.703369,0.227
000704.png,0.464844,0.43,0.70166,0.226
000706.png,0.502319,0.7135,0.656006,0.193
000711.png,0.48938,0.1235,0.678955,0.227
000718.png,0.464966,0.74,0.737549,0.166
000720.png,0.490967,0.197,0.633301,0.2
000723.png,0.462524,0.5335,0.742432,0.233
000724.png,0.507202,0.71,0.64624,0.214
000728.png,0.458374,0.4665,0.698486,0.233
000729.png,0.481079,0.21,0.630127,0.24
000733.png,0.465698,0.38,0.709717,0.246
000738.png,0.464966,0.16,0.727783,0.26
000747.png,0.477905,0.8035,0.740967,0.173
000756.png,0.490967,0.4265,0.633301,0.247
000757.png,0.46814,0.59,0.740967,0.24
000760.png,0.486938,0.9,0.63501,0.18
000762.png,0.462402,0.407,0.709961,0.22
000767.png,0.463989,0.19,0.664307,0.16
000774.png,0.486084,0.58,0.682129,0.22
000776.png,0.456665,0.925,0.698486,0.15
000781.png,0.474731,0.7565,0.727783,0.253
000783.png,0.494141,0.68,0.643066,0.246
000791.png,0.481201,0.4635,0.724609,0.267
000796.png,0.473022,0.29,0.704834,0.266
000806.png,0.486084,0.173,0.711426,0.22
000810.png,0.500732,0.86,0.65625,0.154
000815.png,0.45752,0.8765,0.69043,0.187
000819.png,0.497437,0.8865,0.669189,0.207
000820.png,0.471436,0.7365,0.70166,0.173
000824.png,0.490112,0.46,0.631592,0.234
000835.png,0.484375,0.43,0.714844,0.2
000837.png,0.505615,0.84,0.643066,0.18
000840.png,0.473022,0.1935,0.698486,0.207
000842.png,0.494263,0.3735,0.630127,0.193
000845.png,0.481934,0.0965,0.749023,0.187
000846.png,0.492554,0.9,0.649658,0.166
000849.png,0.47876,0.945,0.765137,0.11
000850.png,0.483521,0.0565,0.752197,0.107
000854.png,0.464111,0.9185,0.709961,0.163
000856.png,0.486084,0.0765,0.646484,0.147
000860.png,0.479614,0.497,0.649658,0.2
000874.png,0.477051,0.22,0.706543,0.286
000879.png,0.473022,0.15,0.740967,0.186
000883.png,0.482056,0.9285,0.683838,0.143
000885.png,0.504028,0.17,0.678955,0.254
000887.png,0.497437,0.6035,0.64624,0.227
000888.png,0.482788,0.7335,0.71167,0.273
000892.png,0.498291,0.1065,0.647949,0.167
000898.png,0.464966,0.47,0.75708,0.294
000908.png,0.473022,0.22,0.692139,0.194
000914.png,0.505615,0.9215,0.672363,0.157
000917.png,0.473022,0.72,0.718018,0.22
000924.png,0.499023,0.0965,0.675781,0.173
000927.png,0.494995,0.4965,0.67749,0.227
000932.png,0.463257,0.36,0.675537,0.22
000933.png,0.494995,0.0865,0.644775,0.167
000937.png,0.453491,0.13,0.665771,0.174
000942.png,0.486938,0.2065,0.615479,0.207
000946.png,0.494995,0.87,0.651123,0.2
000951.png,0.487671,0.6135,0.701904,0.247
000960.png,0.499146,0.6,0.659424,0.234
000961.png,0.469849,0.2365,0.718018,0.227
000965.png,0.491699,0.2465,0.628418,0.193
000966.png,0.46814,0.0865,0.743896,0.167
000969.png,0.494263,0.8,0.630127,0.274
000975.png,0.476196,0.8735,0.747314,0.167
000988.png,0.488525,0.15,0.651367,0.186
000990.png,0.484375,0.307,0.730957,0.26
001001.png,0.500732,0.793,0.633301,0.26
001004.png,0.460815,0.86,0.687256,0.14
001006.png,0.499878,0.407,0.651123,0.22
001010.png,0.501465,0.925,0.670898,0.15
001014.png,0.477051,0.527,0.729492,0.3
001019.png,0.471436,0.4735,0.721191,0.193
001020.png,0.493408,0.11,0.670898,0.174
001024.png,0.456665,0.4435,0.737549,0.173
001029.png,0.484375,0.2265,0.617188,0.233
001048.png,0.468994,0.7065,0.677246,0.167
001042.png,0.494995,0.63,0.641357,0.266
001043.png,0.471313,0.86,0.708252,0.22
001046.png,0.498291,0.9385,0.657715,0.123
001048.png,0.468994,0.7065,0.677246,0.167
001051.png,0.494995,0.63,0.641357,0.266
001053.png,0.466553,0.71,0.685547,0.214
001063.png,0.468994,0.2035,0.670898,0.227
001065.png,0.481079,0.3765,0.669189,0.227
001069.png,0.490112,0.92,0.63501,0.14
001074.png,0.497437,0.503,0.656006,0.32
001079.png,0.505615,0.1,0.685547,0.166
001082.png,0.481201,0.6365,0.721191,0.213
001083.png,0.498169,0.68,0.683838,0.22
001087.png,0.469727,0.4565,0.724609,0.213
001092.png,0.487671,0.7935,0.662842,0.273
001097.png,0.475464,0.113,0.74585,0.14
001101.png,0.473755,0.9385,0.742432,0.123
001106.png,0.474609,0.5565,0.61377,0.227
001111.png,0.452759,0.65,0.752197,0.186
001120.png,0.502319,0.2865,0.64624,0.167
001124.png,0.494263,0.8235,0.630127,0.173
001133.png,0.497437,0.9215,0.639893,0.157
001143.png,0.484375,0.13,0.643066,0.134
001145.png,0.468994,0.3365,0.696777,0.227
001147.png,0.494141,0.693,0.633301,0.22
001150.png,0.460815,0.19,0.697021,0.214
001152.png,0.494995,0.2535,0.660889,0.207
001155.png,0.457642,0.1335,0.703369,0.207
001161.png,0.499878,0.32,0.654541,0.246
001169.png,0.47876,0.657,0.700195,0.2
001170.png,0.499023,0.4,0.672363,0.234
001179.png,0.47876,0.3565,0.670898,0.227
001184.png,0.463257,0.1865,0.704834,0.193
001189.png,0.473022,0.1035,0.7146,0.173
001193.png,0.491699,0.15,0.651367,0.2
001197.png,0.492554,0.7835,0.636475,0.213
001198.png,0.459961,0.8535,0.721191,0.193
001203.png,0.464844,0.69,0.652832,0.254
001206.png,0.503174,0.6865,0.651367,0.233
001211.png,0.488525,0.1265,0.641602,0.167
001218.png,0.485962,0.1335,0.718018,0.207
001222.png,0.454224,0.83,0.693604,0.2
001224.png,0.49585,0.55,0.61377,0.24
001229.png,0.491821,0.203,0.654541,0.2
001232.png,0.467285,0.463,0.716309,0.24
001237.png,0.46814,0.3165,0.740967,0.253
001238.png,0.491699,0.24,0.680664,0.38
001247.png,0.487671,0.6135,0.64624,0.193
001252.png,0.47876,0.14,0.631836,0.22
001265.png,0.507202,0.603,0.665771,0.24
001266.png,0.455078,0.173,0.65625,0.26
001283.png,0.481079,0.8065,0.649658,0.233
001285.png,0.483643,0.56,0.726074,0.314
001297.png,0.488525,0.473,0.651367,0.26
001300.png,0.480347,0.4165,0.651123,0.227
001301.png,0.491699,0.9015,0.680664,0.197
001305.png,0.440552,0.31,0.669189,0.24
001306.png,0.497437,0.6065,0.675537,0.273
001310.png,0.466431,0.193,0.688721,0.22
001315.png,0.459229,0.1235,0.706543,0.187
001320.png,0.473022,0.08,0.747314,0.14
001324.png,0.455933,0.7835,0.703369,0.187
001329.png,0.480347,0.577,0.716553,0.2
001333.png,0.48938,0.88,0.639893,0.18
001334.png,0.485229,0.3135,0.703369,0.193
001339.png,0.468872,0.12,0.7229,0.194
001343.png,0.496704,0.103,0.693604,0.16
001344.png,0.473022,0.0965,0.701904,0.133
001347.png,0.494995,0.5735,0.664307,0.193
001348.png,0.476196,0.8915,0.737549,0.217
001349.png,0.475464,0.0365,0.765381,0.067
001350.png,0.451904,0.1765,0.744141,0.147
001352.png,0.487671,0.1535,0.639893,0.193
001361.png,0.489258,0.23,0.666016,0.186
001365.png,0.49585,0.8035,0.65625,0.187
001370.png,0.490845,0.2935,0.659424,0.193
001374.png,0.496582,0.9315,0.670898,0.137
001384.png,0.499023,0.0835,0.672363,0.133
001388.png,0.490112,0.637,0.654541,0.2
001393.png,0.492554,0.1435,0.685303,0.213
001402.png,0.491699,0.14,0.661133,0.194
001416.png,0.500732,0.0765,0.685547,0.133
001420.png,0.493408,0.563,0.657715,0.2
001425.png,0.497437,0.103,0.665771,0.16
001438.png,0.499023,0.8235,0.662598,0.213
001452.png,0.494141,0.5935,0.643066,0.193
001461.png,0.500732,0.767,0.685547,0.22
001475.png,0.499023,0.45,0.646484,0.214
001489.png,0.437256,0.12,0.535645,0.154
001498.png,0.503906,0.3065,0.646484,0.313
001512.png,0.50061,0.083,0.678955,0.16
001521.png,0.486816,0.1965,0.680664,0.187
001530.png,0.496582,0.333,0.66748,0.14
001548.png,0.490112,0.5235,0.697021,0.213
001553.png,0.490845,0.0965,0.669189,0.147
001557.png,0.497437,0.6265,0.682373,0.273
001575.png,0.492554,0.7135,0.64624,0.273
001607.png,0.658691,0.57,0.096191,0.28
001607.png,0.488525,0.19,0.380859,0.28
001620.png,0.489258,0.77,0.672363,0.226
001629.png,0.492554,0.8985,0.669189,0.203
001652.png,0.439575,0.63,0.488525,0.28
001661.png,0.438843,0.74,0.532471,0.18
001670.png,0.797852,0.1565,0.133301,0.307
001670.png,0.446899,0.9515,0.473877,0.097
001680.png,0.45752,0.0935,0.53418,0.153
001680.png,0.766968,0.6435,0.104248,0.333
001712.png,0.504761,0.0965,0.654541,0.147
001716.png,0.506348,0.737,0.680664,0.24
001721.png,0.502319,0.2335,0.656006,0.247
001730.png,0.499023,0.3535,0.652832,0.233
001753.png,0.494141,0.1035,0.672363,0.187
001757.png,0.494995,0.7165,0.68042,0.187
001762.png,0.511353,0.3165,0.693604,0.227
001771.png,0.50647,0.4435,0.644775,0.213
001776.png,0.499023,0.073,0.652832,0.14
001785.png,0.494995,0.1735,0.654541,0.207
001794.png,0.502319,0.4065,0.636475,0.233
001797.png,0.355835,0.815,0.219971,0.37
001799.png,0.477905,0.073,0.552002,0.14
001812.png,0.499023,0.6835,0.652832,0.227
001817.png,0.503174,0.2135,0.608887,0.193
001826.png,0.510376,0.283,0.620361,0.24
001830.png,0.494995,0.8135,0.638428,0.233
001835.png,0.497437,0.387,0.60083,0.3
001846.png,0.486084,0.915,0.633301,0.17
001860.png,0.501465,0.8335,0.612305,0.247
001874.png,0.499878,0.6035,0.641357,0.267
001879.png,0.504028,0.217,0.591064,0.24
001892.png,0.493408,0.8835,0.647949,0.187
001897.png,0.499023,0.497,0.652832,0.24
001902.png,0.488525,0.0935,0.641602,0.153
001906.png,0.485229,0.66,0.582764,0.246
001911.png,0.510498,0.123,0.662598,0.24
001920.png,0.493408,0.31,0.670898,0.254
001924.png,0.496582,0.9285,0.670898,0.143
001934.png,0.497437,0.13,0.688721,0.226
001938.png,0.498169,0.7135,0.674072,0.193
001943.png,0.492554,0.26,0.597412,0.22
001952.png,0.494263,0.42,0.649658,0.234
001961.png,0.498291,0.463,0.638184,0.24
001966.png,0.49585,0.0865,0.61377,0.153
001975.png,0.508789,0.107,0.636719,0.18
001988.png,0.507202,0.5865,0.614014,0.207
002006.png,0.497437,0.5565,0.659424,0.267
002011.png,0.533936,0.1435,0.408691,0.253
002015.png,0.492554,0.78,0.55542,0.246
002024.png,0.518677,0.89,0.552002,0.2
002042.png,0.499146,0.9215,0.522705,0.157
002043.png,0.485229,0.07,0.605713,0.106
002058.png,0.504761,0.7435,0.612061,0.227
002063.png,0.494995,0.3235,0.648193,0.267
002086.png,0.474609,0.3435,0.584473,0.253
002095.png,0.491699,0.4265,0.618652,0.247
002109.png,0.485229,0.1035,0.657959,0.147
002118.png,0.492554,0.38,0.633545,0.166
002127.png,0.486084,0.5235,0.646484,0.187
002132.png,0.466431,0.0835,0.60083,0.147
002136.png,0.456665,0.69,0.591064,0.226
002150.png,0.50647,0.3865,0.674072,0.273
002159.png,0.49585,0.58,0.646484,0.206
002164.png,0.476318,0.137,0.604004,0.2
002173.png,0.486816,0.2665,0.592773,0.207
002177.png,0.496704,0.7865,0.595947,0.207
002182.png,0.46167,0.407,0.509766,0.22
002191.png,0.487671,0.4065,0.594482,0.193
002195.png,0.492554,0.9585,0.512939,0.083
002200.png,0.492554,0.5765,0.607178,0.227
002205.png,0.477905,0.1,0.548584,0.166
002209.png,0.494141,0.7,0.594238,0.246
002214.png,0.494995,0.2765,0.586182,0.173
002218.png,0.488525,0.86,0.641602,0.234
002227.png,0.456665,0.9115,0.552002,0.177
002232.png,0.514526,0.49,0.586182,0.174
002241.png,0.516235,0.57,0.576416,0.294
002246.png,0.522583,0.08,0.63501,0.14
002250.png,0.426636,0.6465,0.482178,0.233
002255.png,0.437988,0.187,0.540527,0.26
002264.png,0.474609,0.3465,0.584473,0.207
002268.png,0.521851,0.9015,0.591064,0.197
002273.png,0.484375,0.4935,0.568359,0.273
002278.png,0.48938,0.073,0.60083,0.14
002287.png,0.477051,0.1265,0.592773,0.193
002291.png,0.486816,0.79,0.553711,0.2
002300.png,0.491699,0.915,0.628418,0.17
002305.png,0.478638,0.5535,0.595947,0.207
002310.png,0.502319,0.05,0.662842,0.094
002328.png,0.494141,0.3235,0.558594,0.213
002332.png,0.490234,0.877,0.478516,0.16
002337.png,0.494141,0.4435,0.666016,0.213
002351.png,0.502319,0.1035,0.614014,0.173
002355.png,0.486938,0.5835,0.595947,0.253
002364.png,0.482056,0.657,0.664307,0.16
002387.png,0.482056,0.657,0.664307,0.16
002396.png,0.446167,0.433,0.553467,0.18
002410.png,0.477905,0.11,0.604248,0.16
002419.png,0.484375,0.2235,0.617188,0.227
002428.png,0.470581,0.4035,0.628662,0.213
002442.png,0.527588,0.0525,0.618652,0.073
002446.png,0.484497,0.57,0.649658,0.28
002451.png,0.504028,0.16,0.688721,0.18
002464.png,0.484497,0.885,0.639893,0.23
002474.png,0.482788,0.0935,0.643311,0.153
002478.png,0.487671,0.52,0.659424,0.26
002483.png,0.501465,0.11,0.657715,0.174
002492.png,0.477905,0.153,0.574951,0.22
002501.png,0.505493,0.223,0.639893,0.24
002505.png,0.505615,0.8065,0.623535,0.287
002510.png,0.490967,0.26,0.636719,0.286
002519.png,0.483521,0.3565,0.595947,0.227
002528.png,0.481201,0.6,0.607422,0.18
002533.png,0.486084,0.13,0.61377,0.174
002546.png,0.492554,0.843,0.614014,0.2
002551.png,0.429932,0.47,0.46582,0.226
002556.png,0.494995,0.083,0.595947,0.16
002560.png,0.482788,0.5535,0.639893,0.207
002574.png,0.455078,0.37,0.535645,0.226
002583.png,0.481934,0.457,0.583008,0.2
002597.png,0.513672,0.1035,0.594238,0.187
002601.png,0.474731,0.69,0.591064,0.24
002606.png,0.480347,0.3,0.582764,0.234
002620.png,0.499878,0.0835,0.563232,0.133
002629.png,0.495728,0.1335,0.678955,0.247
002633.png,0.473022,0.73,0.591064,0.214
002647.png,0.505493,0.4665,0.60083,0.313
002651.png,0.464111,0.9185,0.550293,0.163
002655.png,0.498291,0.8335,0.563477,0.193
002656.png,0.488525,0.6365,0.543945,0.227
002661.png,0.494995,0.1265,0.599365,0.207
002665.png,0.485229,0.7465,0.582764,0.233
002674.png,0.490112,0.857,0.664307,0.24
002679.png,0.485962,0.47,0.649658,0.266
002688.png,0.465698,0.563,0.572998,0.2
002693.png,0.459106,0.153,0.556885,0.26
002697.png,0.478638,0.777,0.595947,0.16
002702.png,0.468872,0.303,0.537354,0.28
002706.png,0.463257,0.905,0.522705,0.19
002711.png,0.486938,0.503,0.625244,0.24
002725.png,0.488525,0.17,0.553711,0.24
002734.png,0.44458,0.313,0.550293,0.22
002743.png,0.461548,0.41,0.532471,0.24
002752.png,0.485962,0.47,0.581299,0.226
002761.png,0.472168,0.4065,0.524414,0.247
002766.png,0.515503,0.1165,0.515869,0.173
002775.png,0.486816,0.3165,0.57959,0.307
002798.png,0.487671,0.1465,0.623779,0.207
002802.png,0.489258,0.733,0.607422,0.26
002807.png,0.443726,0.397,0.519287,0.24
002811.png,0.448608,0.925,0.542236,0.15
002820.png,0.467285,0.9015,0.57959,0.197
002839.png,0.484497,0.1965,0.639893,0.267
002848.png,0.481934,0.36,0.608887,0.206
002857.png,0.475464,0.593,0.612061,0.26
002862.png,0.503174,0.1065,0.651367,0.193
002880.png,0.484375,0.5365,0.61377,0.227
002885.png,0.571533,0.1235,0.507812,0.227
002894.png,0.512085,0.2865,0.64624,0.193
002903.png,0.481934,0.4735,0.602539,0.127
002908.png,0.502319,0.0935,0.672607,0.153
002917.png,0.49585,0.12,0.666016,0.154
002926.png,0.490967,0.3065,0.636719,0.247
002930.png,0.477051,0.915,0.608887,0.17
002935.png,0.504028,0.39,0.649658,0.174
002939.png,0.486816,0.9185,0.657715,0.163
002944.png,0.481934,0.517,0.62207,0.24
002949.png,0.466553,0.0935,0.594238,0.167
002958.png,0.480347,0.19,0.605713,0.2
002962.png,0.486816,0.8135,0.66748,0.247
002976.png,0.485229,0.43,0.63501,0.2
002981.png,0.492554,0.0765,0.669189,0.133
002985.png,0.466431,0.57,0.561768,0.226
002990.png,0.483643,0.08,0.608887,0.14
002999.png,0.485229,0.123,0.644775,0.2
003001.png,0.501465,0.9285,0.700195,0.143
003003.png,0.496582,0.5765,0.670898,0.267
003008.png,0.501465,0.103,0.677246,0.16
003012.png,0.505615,0.6335,0.672363,0.167
003017.png,0.50061,0.0965,0.698486,0.173
003021.png,0.494141,0.82,0.682129,0.22
003026.png,0.504761,0.46,0.683838,0.22
003035.png,0.490112,0.56,0.654541,0.234
003040.png,0.501465,0.1,0.696777,0.18
003044.png,0.490112,0.6835,0.670654,0.213
003049.png,0.502319,0.213,0.695068,0.22
003053.png,0.494995,0.75,0.68042,0.254
003058.png,0.501465,0.32,0.680664,0.22
003062.png,0.495728,0.9085,0.688721,0.183
003067.png,0.501587,0.53,0.693604,0.226
003072.png,0.482788,0.0965,0.675537,0.147
003076.png,0.487671,0.6935,0.688721,0.273
003081.png,0.490845,0.21,0.678955,0.226
003083.png,0.49585,0.0835,0.691895,0.133
003085.png,0.494141,0.8765,0.672363,0.187
003090.png,0.490112,0.4565,0.697021,0.227
003094.png,0.502319,0.9415,0.701904,0.117
003099.png,0.491821,0.5365,0.644775,0.227
003104.png,0.493286,0.1835,0.664307,0.253
003108.png,0.488403,0.773,0.664307,0.22
003113.png,0.473022,0.29,0.669189,0.2
003117.png,0.482056,0.8735,0.654541,0.167
003122.png,0.480347,0.4435,0.631592,0.267
003127.png,0.492554,0.0835,0.695068,0.133
003131.png,0.499023,0.547,0.685547,0.22
003136.png,0.493286,0.1165,0.674072,0.173
003140.png,0.481201,0.703,0.652832,0.2
003145.png,0.487671,0.2665,0.669189,0.207
003149.png,0.493408,0.8535,0.670898,0.193
003154.png,0.48938,0.34,0.649658,0.286
003158.png,0.485962,0.915,0.669189,0.17
003163.png,0.494995,0.56,0.68042,0.234
003168.png,0.494995,0.12,0.674072,0.18
003172.png,0.490112,0.673,0.657959,0.22
003177.png,0.495728,0.193,0.669189,0.18
003186.png,0.490112,0.38,0.670654,0.166
003195.png,0.486084,0.5435,0.682129,0.293
003200.png,0.488403,0.1135,0.674072,0.193
003204.png,0.493408,0.707,0.709961,0.18
003209.png,0.492554,0.18,0.659424,0.166
003213.png,0.480347,0.777,0.657959,0.2
003218.png,0.490967,0.337,0.61377,0.2
003222.png,0.479492,0.88,0.61377,0.154
003227.png,0.503052,0.523,0.674072,0.2
003232.png,0.486816,0.087,0.641602,0.14
003241.png,0.490845,0.1465,0.669189,0.207
003245.png,0.485962,0.747,0.678955,0.26
003250.png,0.484375,0.3,0.646484,0.194
003254.png,0.467285,0.9015,0.608887,0.197
003259.png,0.490845,0.4435,0.688721,0.227
003268.png,0.477905,0.5835,0.653076,0.227
003273.png,0.499878,0.0865,0.693604,0.127
003282.png,0.490112,0.1565,0.641357,0.267
003286.png,0.487671,0.757,0.653076,0.16
003291.png,0.489258,0.277,0.65625,0.16
003295.png,0.476196,0.7065,0.630127,0.193
003300.png,0.484497,0.307,0.659424,0.22
003304.png,0.482056,0.6665,0.664307,0.233
003309.png,0.491699,0.1535,0.670898,0.193
003313.png,0.491699,0.523,0.66748,0.24
003318.png,0.490112,0.12,0.690186,0.154
003322.png,0.503174,0.71,0.631836,0.174
003327.png,0.49585,0.17,0.652832,0.24
003331.png,0.481201,0.79,0.675781,0.266
003340.png,0.48938,0.917,0.630127,0.16
003343.png,0.500732,0.3735,0.685547,0.367
003345.png,0.503052,0.5135,0.654541,0.233
003350.png,0.496582,0.123,0.66748,0.16
003354.png,0.494995,0.7435,0.683838,0.187
003363.png,0.504761,0.8915,0.651123,0.217
003382.png,0.490112,0.143,0.665771,0.2
003386.png,0.38916,0.7035,0.415039,0.213
003391.png,0.436401,0.2265,0.55835,0.207
003400.png,0.504761,0.4365,0.665771,0.267
003405.png,0.492554,0.0835,0.68042,0.147
003409.png,0.494873,0.6165,0.668945,0.213
003414.png,0.503052,0.1235,0.685303,0.187
003418.png,0.495728,0.723,0.647705,0.24
003423.png,0.459961,0.25,0.602051,0.186
003441.png,0.504761,0.56,0.681885,0.22
003446.png,0.494995,0.1265,0.685303,0.207
003450.png,0.484375,0.6835,0.654297,0.227
003455.png,0.487671,0.31,0.667236,0.214
003459.png,0.494141,0.84,0.689941,0.194
003464.png,0.502319,0.3335,0.677002,0.193
003473.png,0.504639,0.4635,0.668945,0.267
003487.png,0.488403,0.1635,0.642822,0.133
003491.png,0.499023,0.8065,0.680176,0.207
003496.png,0.486084,0.41,0.664062,0.2
003505.png,0.498169,0.62,0.64624,0.274
003510.png,0.493408,0.11,0.678711,0.2
003511.png,0.495728,0.4065,0.677002,0.207
003513.png,0.490845,0.35,0.670654,0.226
003517.png,0.503052,0.915,0.636475,0.17
003522.png,0.493408,0.4135,0.668945,0.207
003526.png,0.492554,0.9185,0.641357,0.163
003531.png,0.501465,0.413,0.336914,0.3
003536.png,0.508789,0.0935,0.689941,0.153
003540.png,0.491699,0.6135,0.626465,0.193
003545.png,0.481201,0.1435,0.634766,0.227
003549.png,0.490845,0.73,0.641357,0.214
003554.png,0.490845,0.1365,0.618408,0.213
003558.png,0.48999,0.727,0.629883,0.26
003563.png,0.493286,0.2535,0.636475,0.233
003572.png,0.477783,0.3235,0.615234,0.227
003581.png,0.488403,0.303,0.64624,0.2
003585.png,0.504761,0.89,0.633057,0.174
003590.png,0.496582,0.47,0.652832,0.186
003595.png,0.497437,0.093,0.690186,0.14
003599.png,0.508789,0.5465,0.664062,0.233
003604.png,0.490112,0.123,0.665771,0.16
003608.png,0.488403,0.763,0.656006,0.2
003613.png,0.489258,0.2665,0.641113,0.207
003617.png,0.490845,0.8535,0.670654,0.207
003622.png,0.498291,0.357,0.65918,0.24
003631.png,0.490845,0.503,0.621826,0.24
003636.png,0.499023,0.1165,0.634766,0.187
003640.png,0.469727,0.623,0.585938,0.2
003645.png,0.496582,0.0865,0.665527,0.127
003649.png,0.499023,0.6135,0.683594,0.193
003654.png,0.492554,0.0965,0.657471,0.147
003658.png,0.488403,0.55,0.636475,0.226
003663.png,0.494873,0.153,0.649414,0.22
003672.png,0.475342,0.23,0.65918,0.214
003676.png,0.487549,0.7,0.615234,0.206
003681.png,0.50061,0.2465,0.637939,0.193
003685.png,0.493408,0.875,0.668945,0.25
003685.png,0.576294,0.24,0.079834,0.234
003690.png,0.492432,0.5065,0.673828,0.327
003699.png,0.503052,0.47,0.636475,0.266
003708.png,0.489258,0.54,0.664062,0.206
003713.png,0.491699,0.1565,0.672363,0.187
003717.png,0.449341,0.6535,0.564697,0.233
003726.png,0.511963,0.8465,0.654297,0.193
003731.png,0.489258,0.343,0.625,0.2
003735.png,0.495728,0.85,0.647705,0.174
003740.png,0.488525,0.373,0.59082,0.22
003744.png,0.499878,0.9215,0.685303,0.157
003758.png,0.492432,0.48,0.654297,0.274
003767.png,0.494141,0.637,0.650879,0.2
003772.png,0.494995,0.21,0.672119,0.2
003781.png,0.493408,0.3665,0.59082,0.247
003785.png,0.503906,0.8565,0.644531,0.173
003790.png,0.490845,0.52,0.677002,0.26
003795.png,0.492554,0.1335,0.677002,0.153
003804.png,0.492554,0.3035,0.628174,0.173
003813.png,0.491699,0.473,0.626465,0.18
003822.png,0.488525,0.537,0.522461,0.28
003827.png,0.494995,0.12,0.672119,0.18
003836.png,0.486084,0.2865,0.644531,0.193
003845.png,0.464111,0.367,0.59082,0.22
003859.png,0.459961,0.1935,0.589355,0.233
003863.png,0.464844,0.813,0.599121,0.22
003882.png,0.506348,0.2065,0.675293,0.167
003886.png,0.493286,0.74,0.633057,0.22
003891.png,0.483521,0.32,0.652588,0.206
003895.png,0.485229,0.9185,0.616943,0.163
003900.png,0.48999,0.477,0.620117,0.24
003909.png,0.516113,0.6735,0.606934,0.287
003914.png,0.468018,0.133,0.566406,0.26
003923.png,0.488403,0.223,0.545166,0.2
003932.png,0.463257,0.32,0.533936,0.246
003936.png,0.490112,0.915,0.665771,0.17
003941.png,0.490967,0.5,0.664062,0.22
003946.png,0.497437,0.1035,0.686768,0.187
003950.png,0.490112,0.6035,0.652588,0.213
003959.png,0.481079,0.7065,0.641357,0.167
003964.png,0.491699,0.2165,0.643066,0.187
003968.png,0.477051,0.8235,0.626465,0.213
003987.png,0.500732,0.1035,0.664062,0.173
003991.png,0.491699,0.6935,0.633301,0.233
003996.png,0.493286,0.27,0.633057,0.214
004000.png,0.476196,0.82,0.592529,0.22
004005.png,0.499878,0.3965,0.623291,0.187
004014.png,0.495728,0.5135,0.647705,0.313
004028.png,0.486084,0.1265,0.654297,0.207
004037.png,0.497437,0.177,0.631592,0.24
004041.png,0.499878,0.777,0.60376,0.2
004050.png,0.482788,0.8985,0.608643,0.203
004055.png,0.506348,0.4465,0.649414,0.247
004068.png,0.484375,0.9215,0.634766,0.157
004073.png,0.494141,0.48,0.654297,0.166
004078.png,0.499023,0.08,0.689941,0.126
004087.png,0.483643,0.0965,0.649414,0.133
004091.png,0.478638,0.6235,0.597412,0.267
004096.png,0.50061,0.12,0.660889,0.194
004100.png,0.494995,0.663,0.633057,0.2
004105.png,0.50061,0.253,0.651123,0.18
004109.png,0.494141,0.74,0.644531,0.246
004118.png,0.494873,0.6365,0.649414,0.213
004123.png,0.498291,0.293,0.678711,0.18
004127.png,0.489258,0.915,0.683594,0.17
004132.png,0.484375,0.5165,0.67041,0.227
004137.png,0.493408,0.1435,0.649414,0.147
004141.png,0.493286,0.71,0.64624,0.214
004146.png,0.493286,0.3135,0.665771,0.233
004155.png,0.490845,0.593,0.686768,0.22
004160.png,0.498291,0.0965,0.678711,0.147
004164.png,0.505493,0.65,0.667236,0.24
004165.png,0.62915,0.16,0.087891,0.286
004169.png,0.494141,0.0965,0.673828,0.147
004173.png,0.50061,0.707,0.667236,0.22
004178.png,0.485962,0.1765,0.628174,0.227
004182.png,0.477051,0.8335,0.626465,0.193
004187.png,0.498169,0.4365,0.665771,0.253
004192.png,0.494995,0.1335,0.685303,0.207
004196.png,0.496582,0.6235,0.65918,0.187
004201.png,0.491699,0.0965,0.649414,0.173
004205.png,0.45105,0.73,0.548584,0.2
004210.png,0.492554,0.2335,0.667236,0.233
004213.png,0.360718,0.49,0.094482,0.334
004214.png,0.494141,0.8435,0.650879,0.173
004219.png,0.510376,0.4335,0.686768,0.193
004223.png,0.538818,0.9385,0.698242,0.123
004227.png,0.529175,0.327,0.675537,0.14
004232.png,0.5625,0.2065,0.748535,0.193
004233.png,0.544678,0.6135,0.703125,0.167
004234.png,0.836792,0.1465,0.079834,0.273
004246.png,0.468994,0.1435,0.678711,0.227
004251.png,0.469727,0.0965,0.673828,0.147
004259.png,0.476196,0.2435,0.667236,0.213
004261.png,0.825439,0.16,0.053711,0.206
004268.png,0.507202,0.44,0.660889,0.194
004273.png,0.503906,0.08,0.680176,0.154
004277.png,0.486816,0.49,0.65918,0.214
004282.png,0.480225,0.09,0.639648,0.16
004286.png,0.499878,0.6735,0.642822,0.247
004291.png,0.497437,0.273,0.68042,0.22
004300.png,0.494141,0.3935,0.657715,0.193
004311.png,0.658569,0.093,0.397217,0.14
004314.png,0.494995,0.083,0.672119,0.16
004318.png,0.490845,0.663,0.677002,0.2
004323.png,0.496582,0.2,0.652832,0.194
004327.png,0.498169,0.887,0.662354,0.18
004332.png,0.501465,0.3835,0.675293,0.267
004341.png,0.502319,0.5635,0.677002,0.187
004350.png,0.493286,0.7335,0.636475,0.167
004355.png,0.493408,0.35,0.610352,0.24
004359.png,0.502197,0.9015,0.664062,0.197
004364.png,0.491699,0.4865,0.604004,0.233
004369.png,0.496582,0.1065,0.600586,0.153
004378.png,0.486816,0.247,0.629883,0.26
004382.png,0.493286,0.85,0.613525,0.214
004387.png,0.468872,0.397,0.5354,0.2
004396.png,0.474609,0.5365,0.553223,0.213
img_1001.jpg,0.510498,0.306,0.692871,0.238
img_1006.jpg,0.512817,0.719,0.648682,0.15
img_1011.jpg,0.483154,0.9185,0.634766,0.163
img_1017.jpg,0.51062,0.353,0.653076,0.206
img_1028.jpg,0.493042,0.0655,0.691162,0.119
img_1033.jpg,0.515137,0.331,0.601074,0.212
1044.jpg,0.504517,0.0715,0.665283,0.119
img_1049.jpg,0.53418,0.4095,0.59375,0.169
img_106.jpg,0.476196,0.0905,0.633057,0.157
img_1060.jpg,0.499146,0.219,0.700439,0.2
img_1065.jpg,0.510498,0.4595,0.649902,0.181
img_1086.jpg,0.476196,0.806,0.657471,0.162
img_11.jpg,0.465454,0.897,0.630127,0.206
img_1108.jpg,0.489136,0.1965,0.686768,0.131
img_1118.jpg,0.486084,0.8655,0.683594,0.143
img_1129.jpg,0.516602,0.672,0.692871,0.194
img_1145.jpg,0.488403,0.681,0.676025,0.212
img_115.jpg,0.493042,0.0435,0.676025,0.075
img_1151.jpg,0.477661,0.0495,0.700439,0.075
img_1161.jpg,0.490723,0.8185,0.705078,0.225
img_117.jpg,0.495972,0.8875,0.666748,0.175
img_1172.jpg,0.512817,0.4565,0.663818,0.125
img_1188.jpg,0.416748,0.6655,0.526367,0.193
img_1194.jpg,0.392212,0.053,0.447021,0.094
img_1199.jpg,0.506714,0.537,0.642334,0.2
img_120.jpg,0.49292,0.7845,0.660645,0.169
img_1210.jpg,0.50293,0.278,0.622559,0.194
img_123.jpg,0.499146,0.6845,0.642334,0.169
img_1231.jpg,0.499756,0.75,0.65918,0.112
img_1237.jpg,0.494507,0.153,0.694092,0.206
img_1242.jpg,0.484619,0.4345,0.57666,0.231
img_1247.jpg,0.528809,0.884,0.634766,0.144
img_1253.jpg,0.503906,0.173,0.695312,0.14
img_126.jpg,0.502197,0.578,0.657715,0.182
img_1269.jpg,0.519409,0.36,0.56665,0.206
img_1274.jpg,0.503906,0.7,0.685547,0.154
img_1280.jpg,0.517822,0.0935,0.608887,0.153
img_1285.jpg,0.505615,0.48,0.636719,0.166
img_1296.jpg,0.497437,0.21,0.682373,0.214
img_1301.jpg,0.508057,0.547,0.628418,0.18
img_1306.jpg,0.525146,0.837,0.604004,0.16
img_1312.jpg,0.488525,0.293,0.612305,0.22
img_132.jpg,0.485352,0.359,0.614746,0.144
img_1322.jpg,0.469849,0.9035,0.727783,0.133
img_1328.jpg,0.480347,0.28,0.618896,0.18
img_1333.jpg,0.52832,0.69,0.578125,0.134
img_1339.jpg,0.486816,0.07,0.709961,0.12
img_1344.jpg,0.477051,0.4835,0.583008,0.227
img_135.jpg,0.483032,0.2155,0.643799,0.131
img_1355.jpg,0.507324,0.26,0.512695,0.234
img_1365.jpg,0.520996,0.8665,0.647949,0.153
img_1371.jpg,0.490845,0.25,0.610596,0.174
img_138.jpg,0.491455,0.0745,0.645508,0.125
img_1387.jpg,0.49585,0.3635,0.65625,0.173
img_1398.jpg,0.492554,0.08,0.678955,0.14
img_140.jpg,0.499878,0.9435,0.674561,0.113
img_1403.jpg,0.490112,0.5365,0.667725,0.213
img_1408.jpg,0.501587,0.8265,0.615479,0.153
img_1414.jpg,0.497437,0.2235,0.649658,0.187
img_1419.jpg,0.491699,0.62,0.696777,0.14
img_143.jpg,0.505249,0.875,0.654541,0.138
img_1430.jpg,0.489258,0.3665,0.682129,0.233
img_1441.jpg,0.48938,0.0865,0.718018,0.153
img_1451.jpg,0.482788,0.9,0.692139,0.126
img_1457.jpg,0.49585,0.26,0.705078,0.22
img_146.jpg,0.502075,0.7715,0.651611,0.181
img_1462.jpg,0.51123,0.673,0.641602,0.18
img_1468.jpg,0.499023,0.1735,0.685547,0.167
img_1473.jpg,0.508911,0.5435,0.581299,0.187
img_1478.jpg,0.497437,0.8065,0.71167,0.167
img_1484.jpg,0.49585,0.09,0.714844,0.16
img_1489.jpg,0.476318,0.487,0.744141,0.14
img_149.jpg,0.479248,0.6465,0.614746,0.169
img_15.jpg,0.482422,0.8455,0.627441,0.203
img_1500.jpg,0.50061,0.6835,0.747314,0.133
img_1506.jpg,0.496582,0.0635,0.66748,0.107
img_1511.jpg,0.512085,0.5365,0.643311,0.147
img_1516.jpg,0.493408,0.8665,0.706543,0.167
img_152.jpg,0.501343,0.559,0.668213,0.144
img_1522.jpg,0.487671,0.137,0.672607,0.16
img_1543.jpg,0.497437,0.603,0.688721,0.16
img_155.jpg,0.498291,0.4345,0.65918,0.131
img_1559.jpg,0.486084,0.5065,0.695312,0.207
img_1570.jpg,0.485962,0.32,0.639893,0.18
img_158.jpg,0.497559,0.356,0.660645,0.15
img_1581.jpg,0.477051,0.05,0.700195,0.08
img_1586.jpg,0.487671,0.3865,0.672607,0.167
img_1591.jpg,0.485229,0.0635,0.706787,0.093
img_1596.jpg,0.496704,0.537,0.713135,0.2
img_1601.jpg,0.491821,0.9365,0.742432,0.093
img_1607.jpg,0.495728,0.243,0.678955,0.2
img_161.jpg,0.489868,0.225,0.651611,0.138
img_1612.jpg,0.499023,0.59,0.675781,0.146
img_1617.jpg,0.502319,0.925,0.653076,0.15
img_1623.jpg,0.49585,0.24,0.685547,0.166
img_1628.jpg,0.601685,0.637,0.427979,0.16
img_1639.jpg,0.485229,0.4635,0.690186,0.173
img_164.jpg,0.496826,0.1345,0.65625,0.131
img_1655.jpg,0.48938,0.7365,0.698486,0.147
img_1661.jpg,0.490112,0.1565,0.703369,0.173
img_1666.jpg,0.481201,0.56,0.672363,0.18
img_1671.jpg,0.490112,0.8835,0.703369,0.173
img_1677.jpg,0.465698,0.34,0.63501,0.206
img_1688.jpg,0.481079,0.24,0.639893,0.22
img_169.jpg,0.488403,0.8595,0.673096,0.119
img_1693.jpg,0.515259,0.6035,0.610596,0.187
img_1699.jpg,0.503906,0.0765,0.685547,0.133
img_1704.jpg,0.486938,0.42,0.732666,0.194
img_1715.jpg,0.485229,0.2235,0.697021,0.227
img_172.jpg,0.472412,0.7655,0.622559,0.131
img_1720.jpg,0.500732,0.6935,0.695312,0.233
img_1726.jpg,0.47876,0.087,0.755371,0.14
img_1731.jpg,0.524292,0.5035,0.602295,0.253
img_1736.jpg,0.49585,0.85,0.705078,0.174
img_1742.jpg,0.487671,0.337,0.695068,0.2
img_1747.jpg,0.500732,0.7135,0.705078,0.193
img_175.jpg,0.398438,0.6405,0.477539,0.157
img_1752.jpg,0.408691,0.23,0.524414,0.214
img_1758.jpg,0.506348,0.587,0.706543,0.22
img_1764.jpg,0.488525,0.07,0.739258,0.134
img_1769.jpg,0.497437,0.4335,0.695068,0.247
img_1774.jpg,0.490845,0.8135,0.747314,0.193
img_178.jpg,0.487671,0.556,0.616455,0.212
img_1780.jpg,0.498291,0.25,0.687012,0.16
img_1796.jpg,0.543091,0.4865,0.554932,0.193
img_1801.jpg,0.494263,0.86,0.669189,0.194
img_1807.jpg,0.475464,0.38,0.631592,0.206
img_181.jpg,0.502808,0.425,0.665283,0.15
img_1812.jpg,0.491699,0.8965,0.719727,0.147
img_1823.jpg,0.489258,0.77,0.711426,0.214
img_1829.jpg,0.485229,0.19,0.739014,0.214
img_1834.jpg,0.490112,0.5235,0.706787,0.147
img_1839.jpg,0.489258,0.89,0.724609,0.134
img_184.jpg,0.493042,0.3375,0.654541,0.213
img_1845.jpg,0.494995,0.3035,0.687256,0.173
img_1850.jpg,0.485229,0.673,0.693604,0.18
img_1861.jpg,0.486084,0.477,0.70166,0.2
img_187.jpg,0.494507,0.1905,0.669678,0.157
img_1872.jpg,0.476318,0.4465,0.734375,0.193
img_1877.jpg,0.512817,0.7165,0.654541,0.147
img_1883.jpg,0.491699,0.127,0.716309,0.18
img_1888.jpg,0.499878,0.55,0.713135,0.226
img_1893.jpg,0.501465,0.817,0.700195,0.16
img_1899.jpg,0.494995,0.29,0.615479,0.24
img_1904.jpg,0.485229,0.7435,0.693604,0.187
img_1910.jpg,0.481201,0.2335,0.662598,0.153
img_1915.jpg,0.486816,0.6165,0.628418,0.147
img_192.jpg,0.505127,0.95,0.657715,0.1
img_1921.jpg,0.504028,0.1435,0.698486,0.187
img_1926.jpg,0.492554,0.44,0.659424,0.206
img_1931.jpg,0.503052,0.8,0.605713,0.14
img_1937.jpg,0.483643,0.3435,0.677246,0.227
img_1942.jpg,0.584717,0.6765,0.527344,0.227
img_1947.jpg,0.524292,0.9185,0.63501,0.163
img_195.jpg,0.493042,0.8465,0.666748,0.131
img_1953.jpg,0.51123,0.3,0.657715,0.206
img_1958.jpg,0.499146,0.81,0.610596,0.16
img_1969.jpg,0.514526,0.577,0.644775,0.2
img_198.jpg,0.494507,0.753,0.673096,0.132
img_1980.jpg,0.480347,0.29,0.706787,0.186
img_1991.jpg,0.490112,0.2365,0.699951,0.173
img_1996.jpg,0.485962,0.597,0.737549,0.2
img_2001.jpg,0.491699,0.9415,0.73584,0.117
img_2007.jpg,0.501465,0.26,0.680664,0.126
img_201.jpg,0.499023,0.6125,0.672852,0.113
img_2034.jpg,0.486084,0.113,0.691895,0.18
img_204.jpg,0.495972,0.506,0.666748,0.15
img_2044.jpg,0.484375,0.935,0.705078,0.13
img_2050.jpg,0.502319,0.35,0.633545,0.16
img_2061.jpg,0.501465,0.2035,0.670898,0.173
img_2066.jpg,0.491699,0.4865,0.69043,0.207
img_207.jpg,0.494507,0.375,0.666748,0.15
img_2077.jpg,0.488525,0.38,0.696777,0.286
img_2088.jpg,0.492554,0.25,0.678955,0.106
img_2093.jpg,0.47876,0.6335,0.687012,0.153
img_210.jpg,0.493042,0.281,0.663818,0.2
img_2115.jpg,0.486938,0.09,0.713135,0.12
img_213.jpg,0.495239,0.1875,0.68042,0.163
img_2131.jpg,0.491699,0.3565,0.62207,0.187
img_2142.jpg,0.467407,0.1835,0.713135,0.147
img_2147.jpg,0.482788,0.553,0.721436,0.14
img_2158.jpg,0.490967,0.343,0.705078,0.16
img_216.jpg,0.499146,0.075,0.678955,0.112
img_2169.jpg,0.48938,0.0665,0.708252,0.113
img_2174.jpg,0.483643,0.3965,0.657715,0.227
img_2179.jpg,0.495728,0.81,0.698486,0.16
img_218.jpg,0.505249,0.9435,0.678955,0.113
img_2185.jpg,0.50061,0.167,0.659424,0.14
img_2190.jpg,0.490112,0.5835,0.68042,0.213
img_2195.jpg,0.488525,0.9285,0.73584,0.143
img_22.jpg,0.467773,0.909,0.631836,0.094
img_2201.jpg,0.494995,0.2965,0.697021,0.173
img_221.jpg,0.49292,0.825,0.660645,0.15
img_2212.jpg,0.488525,0.3035,0.706543,0.213
img_2228.jpg,0.484497,0.47,0.718018,0.214
img_2233.jpg,0.485229,0.79,0.703369,0.106
img_2239.jpg,0.486938,0.2335,0.703369,0.153
img_224.jpg,0.50061,0.653,0.633057,0.394
img_2250.jpg,0.504761,0.0865,0.690186,0.167
img_2255.jpg,0.471436,0.49,0.714844,0.12
img_2260.jpg,0.472168,0.8965,0.706543,0.147
img_227.jpg,0.49231,0.6435,0.665283,0.225
img_2271.jpg,0.474609,0.7165,0.705078,0.173
img_2277.jpg,0.477051,0.087,0.719727,0.14
img_2282.jpg,0.482788,0.63,0.773193,0.2
img_2288.jpg,0.475464,0.05,0.758545,0.066
img_2298.jpg,0.486084,0.807,0.750488,0.14
img_230.jpg,0.495972,0.525,0.666748,0.188
img_2315.jpg,0.475464,0.05,0.755615,0.066
img_2320.jpg,0.501465,0.4135,0.73584,0.193
img_2331.jpg,0.486084,0.2965,0.740723,0.173
img_2342.jpg,0.475464,0.1165,0.729248,0.133
img_2351.jpg,0.483521,0.5565,0.771729,0.187
img_2356.jpg,0.472168,0.05,0.788086,0.08
img_236.jpg,0.485352,0.7465,0.773438,0.319
img_2372.jpg,0.476318,0.933,0.779785,0.1
img_2377.jpg,0.451904,0.3865,0.724609,0.207
img_2386.jpg,0.462524,0.167,0.713135,0.18
img_2390.jpg,0.463257,0.65,0.724365,0.146
img_2395.jpg,0.47229,0.0835,0.810791,0.147
img_240.jpg,0.53186,0.584,0.67749,0.306
img_2404.jpg,0.473877,0.15,0.73584,0.214
imh_2408.jpg,0.477905,0.647,0.760498,0.22
img_2413.jpg,0.473022,0.083,0.770264,0.16
img_2421.jpg,0.494995,0.9415,0.706787,0.117
img_2422.jpg,0.472168,0.079,0.69043,0.156
img_2435.jpg,0.480347,0.353,0.716553,0.18
img_2439.jpg,0.481201,0.9285,0.753906,0.143
img_244.jpg,0.481567,0.459,0.790283,0.556
img_2444.jpg,0.631104,0.4565,0.395508,0.213
img_2448.jpg,0.537354,0.9085,0.641602,0.183
img_2453.jpg,0.490112,0.4135,0.674072,0.207
img_2458.jpg,0.460083,0.0835,0.75708,0.133
img_2462.jpg,0.456665,0.53,0.766846,0.2
img_2467.jpg,0.590332,0.1,0.454102,0.194
img_248.jpg,0.494507,0.0785,0.61792,0.155
img_2485.jpg,0.459961,0.09,0.802734,0.146
img_252.jpg,0.487671,0.75,0.625732,0.162
img_2521.jpg,0.458374,0.0835,0.737549,0.147
img_2525.jpg,0.449463,0.637,0.788086,0.2
img_2538.jpg,0.312622,0.5365,0.205322,0.267
img_2538.jpg,0.623657,0.627,0.133545,0.18
img_2538.jpg,0.56665,0.303,0.292969,0.2
img_2539.jpg,0.459229,0.0765,0.784668,0.133
img_2539.jpg,0.809326,0.4665,0.097656,0.193
img_2548.jpg,0.456665,0.1,0.718018,0.14
img_2556.jpg,0.477905,0.9385,0.805908,0.123
img_2557.jpg,0.561035,0.059,0.538574,0.116
img_257.jpg,0.488403,0.2465,0.62085,0.231
img_2575.jpg,0.447754,0.15,0.813965,0.214
img_2588.jpg,0.425049,0.8815,0.745605,0.237
img_2597.jpg,0.450195,0.8065,0.662598,0.207
img_26.jpg,0.496094,0.8,0.526367,0.15
img_261.jpg,0.486938,0.934,0.627197,0.106
img_2611.jpg,0.463257,0.22,0.643311,0.234
img_2620.jpg,0.469727,0.1965,0.724609,0.253
img_2624.jpg,0.456665,0.7665,0.815674,0.193
img_2629.jpg,0.474731,0.127,0.649658,0.22
img_2633.jpg,0.46814,0.6435,0.740967,0.227
img_2638.jpg,0.462402,0.113,0.758789,0.18
img_2642.jpg,0.462402,0.7335,0.784668,0.233
img_2651.jpg,0.477905,0.747,0.763428,0.18
img_266.jpg,0.486084,0.3875,0.622559,0.325
img_2674.jpg,0.460815,0.443,0.729248,0.24
img_2679.jpg,0.453491,0.2165,0.819092,0.227
img_2688.jpg,0.462524,0.5865,0.79126,0.113
img_2692.jpg,0.497437,0.9315,0.819092,0.137
img_2697.jpg,0.521851,0.547,0.750732,0.3
img_271.jpg,0.503662,0.075,0.565918,0.138
img_275.jpg,0.485352,0.494,0.614746,0.2
img_280.jpg,0.487671,0.1875,0.613525,0.125
img_284.jpg,0.489868,0.709,0.61499,0.206
img_293.jpg,0.486084,0.8875,0.619629,0.225
img_302.jpg,0.489136,0.897,0.625732,0.194
img_306.jpg,0.49292,0.728,0.587402,0.182
img_311.jpg,0.485352,0.084,0.626953,0.156
img_315.jpg,0.490601,0.7,0.543213,0.1
img_320.jpg,0.494507,0.1715,0.612061,0.219
img_329.jpg,0.486816,0.3685,0.611816,0.225
img_33.jpg,0.470093,0.8845,0.61792,0.181
img_334.jpg,0.503662,0.0685,0.581543,0.125
img_338.jpg,0.4823,0.4,0.599854,0.188
img_342.jpg,0.490601,0.15,0.55542,0.162
img_347.jpg,0.488403,0.575,0.581299,0.238
img_356.jpg,0.485596,0.654,0.619629,0.206
img_365.jpg,0.486816,0.7965,0.59668,0.269
img_37.jpg,0.476929,0.762,0.619385,0.2
img_370.jpg,0.486084,0.5405,0.607422,0.207
img_375.jpg,0.496704,0.0905,0.604248,0.157
img_384.jpg,0.491455,0.1185,0.630371,0.213
img_393.jpg,0.487671,0.175,0.613525,0.312
img_4.jpg,0.483887,0.84,0.57373,0.292
img_402.jpg,0.486084,0.228,0.610352,0.194
img_411.jpg,0.487671,0.306,0.619385,0.338
img_427.jpg,0.525024,0.406,0.608643,0.2
img_432.jpg,0.533447,0.806,0.637695,0.188
img_438.jpg,0.474731,0.141,0.691162,0.28
img_44.jpg,0.465576,0.8375,0.611816,0.225
img_454.jpg,0.616577,0.3435,0.401123,0.175
img_459.jpg,0.527344,0.7405,0.598145,0.207
img_465.jpg,0.50061,0.156,0.703369,0.288
img_470.jpg,0.54248,0.6215,0.57373,0.231
img_475.jpg,0.498413,0.8935,0.701904,0.213
img_48.jpg,0.471558,0.731,0.627197,0.138
img_480.jpg,0.467773,0.428,0.753906,0.206
img_481.jpg,0.499878,0.219,0.665283,0.25
img_492.jpg,0.478516,0.162,0.720215,0.3
img_492.jpg,0.47998,0.609,0.717285,0.206
img_496.jpg,0.480103,0.928,0.701904,0.144
img_499.jpg,0.52356,0.1715,0.590576,0.169
img_499.jpg,0.504395,0.897,0.634766,0.106
img_501.jpg,0.496704,0.6,0.738525,0.25
img_502.jpg,0.551758,0.2845,0.610352,0.231
img_507.jpg,0.538086,0.6875,0.622559,0.275
img_513.jpg,0.540283,0.206,0.562988,0.188
img_518.jpg,0.489136,0.634,0.735596,0.244
img_523.jpg,0.494507,0.9125,0.74292,0.125
img_529.jpg,0.509033,0.4155,0.644043,0.193
img_534.jpg,0.486206,0.7935,0.665283,0.213
img_540.jpg,0.514282,0.2315,0.688232,0.225
img_545.jpg,0.542603,0.681,0.619385,0.2
img_55.jpg,0.46936,0.7905,0.625732,0.231
img_551.jpg,0.510498,0.0965,0.723145,0.181
img_556.jpg,0.53186,0.362,0.631592,0.2
img_561.jpg,0.541138,0.797,0.604248,0.156
img_567.jpg,0.534912,0.256,0.595215,0.188
img_572.jpg,0.508179,0.6125,0.700439,0.287
img_578.jpg,0.490723,0.084,0.720215,0.156
img_583.jpg,0.489136,0.522,0.711182,0.244
img_585.jpg,0.503662,0.2905,0.651367,0.243
img_59.jpg,0.354858,0.7155,0.387451,0.119
img_592.jpg,0.529663,0.1405,0.248779,0.269
img_594.jpg,0.488403,0.153,0.715576,0.268
img_599.jpg,0.494385,0.6245,0.694336,0.275
img_604.jpg,0.486328,0.922,0.671387,0.156
img_605.jpg,0.508911,0.403,0.653076,0.282
img_610.jpg,0.491455,0.334,0.657715,0.194
img_615.jpg,0.508301,0.725,0.672852,0.238
img_621.jpg,0.483887,0.1005,0.733887,0.199
img_626.jpg,0.49707,0.497,0.692871,0.256
img_637.jpg,0.518066,0.206,0.65918,0.188
img_642.jpg,0.507568,0.5,0.65918,0.25
img_647.jpg,0.503662,0.9155,0.749023,0.169
img_653.jpg,0.502197,0.2935,0.660645,0.175
img_658.jpg,0.505249,0.5655,0.663818,0.257
img_664.jpg,0.489258,0.075,0.720215,0.138
img_669.jpg,0.515869,0.353,0.663574,0.256
img_674.jpg,0.499023,0.728,0.706543,0.244
img_680.jpg,0.515015,0.156,0.67749,0.15
img_690.jpg,0.487671,0.828,0.662354,0.168
img_696.jpg,0.508911,0.231,0.653076,0.188
img_701.jpg,0.512085,0.572,0.594971,0.256
img_706.jpg,0.497559,0.9155,0.508301,0.157
img_712.jpg,0.527344,0.3465,0.601074,0.219
img_717.jpg,0.522827,0.725,0.592041,0.238
img_728.jpg,0.526611,0.409,0.621094,0.244
img_733.jpg,0.493774,0.7405,0.643799,0.181
img_739.jpg,0.509766,0.103,0.666992,0.194
img_74.jpg,0.473145,0.859,0.621094,0.256
img_744.jpg,0.483887,0.3935,0.733887,0.213
img_755.jpg,0.483887,0.178,0.682129,0.194
img_760.jpg,0.512085,0.5655,0.68042,0.207
img_771.jpg,0.508301,0.3845,0.694336,0.169
img_776.jpg,0.540283,0.7125,0.599609,0.263
img_782.jpg,0.501465,0.156,0.671387,0.2
img_787.jpg,0.514282,0.4875,0.654541,0.237
img_792.jpg,0.512085,0.8495,0.689697,0.175
img_798.jpg,0.496826,0.2845,0.741699,0.219
img_803.jpg,0.532715,0.5905,0.645508,0.207
img_808.jpg,0.505127,0.8715,0.682129,0.181
img_814.jpg,0.485352,0.353,0.728027,0.244
img_825.jpg,0.478516,0.078,0.671387,0.144
img_83.jpg,0.46936,0.956,0.619385,0.088
img_84.jpg,0.476196,0.0755,0.624268,0.149
img_846.jpg,0.504517,0.603,0.640869,0.182
img_852.jpg,0.501343,0.1405,0.704834,0.181
img_857.jpg,0.512817,0.425,0.648682,0.25
img_862.jpg,0.512817,0.425,0.648682,0.25
img_873.jpg,0.49231,0.272,0.701904,0.206
img_878.jpg,0.495239,0.6655,0.701904,0.231
img_88.jpg,0.509766,0.5655,0.541504,0.231
img_894.jpg,0.485352,0.103,0.736816,0.182
img_899.jpg,0.492188,0.403,0.717285,0.218
img_904.jpg,0.463989,0.753,0.651611,0.206
img_910.jpg,0.485352,0.1,0.71582,0.162
img_915.jpg,0.508179,0.359,0.630127,0.194
img_920.jpg,0.485352,0.7525,0.697266,0.143
img_926.jpg,0.488403,0.088,0.730713,0.174
img_93.jpg,0.483032,0.2375,0.625732,0.337
img_931.jpg,0.496094,0.4625,0.694336,0.263
img_937.jpg,0.49231,0.0875,0.701904,0.137
img_942.jpg,0.564697,0.506,0.590332,0.2
img_947.jpg,0.509766,0.8,0.663574,0.15
img_953.jpg,0.503662,0.106,0.706543,0.2
img_958.jpg,0.493652,0.6125,0.646973,0.187
img_963.jpg,0.51355,0.909,0.628662,0.094
img_969.jpg,0.493042,0.2905,0.688232,0.207
img_97.jpg,0.485352,0.6905,0.59375,0.231
img_979.jpg,0.513672,0.928,0.585938,0.144
img_985.jpg,0.407471,0.249,0.440918,0.25
img_985.jpg,0.756958,0.2,0.175537,0.2
img_990.jpg,0.520386,0.6245,0.663818,0.175
